{
  "baseline_pick_logit": {
    "accuracy": 0.494270435446906,
    "macro_f1": 0.22224105241948208,
    "confusion_matrix": [
      [
        1,
        0,
        93,
        0,
        25
      ],
      [
        0,
        0,
        99,
        0,
        59
      ],
      [
        0,
        0,
        152,
        0,
        145
      ],
      [
        0,
        0,
        64,
        0,
        94
      ],
      [
        0,
        0,
        83,
        0,
        494
      ]
    ],
    "labels": [
      "AllStar",
      "Starter",
      "Rotation",
      "Bench",
      "Bust"
    ]
  },
  "logit_skill": {
    "accuracy": 0.4660045836516425,
    "macro_f1": 0.2664000824152072,
    "confusion_matrix": [
      [
        28,
        11,
        41,
        2,
        37
      ],
      [
        21,
        0,
        63,
        8,
        66
      ],
      [
        26,
        11,
        93,
        11,
        156
      ],
      [
        9,
        3,
        45,
        8,
        93
      ],
      [
        12,
        9,
        64,
        11,
        481
      ]
    ],
    "labels": [
      "AllStar",
      "Starter",
      "Rotation",
      "Bench",
      "Bust"
    ]
  },
  "hgb_skill": {
    "accuracy": 0.440794499618029,
    "macro_f1": 0.29413706364315806,
    "confusion_matrix": [
      [
        29,
        9,
        44,
        3,
        34
      ],
      [
        12,
        16,
        63,
        8,
        59
      ],
      [
        25,
        27,
        87,
        26,
        132
      ],
      [
        7,
        9,
        44,
        14,
        84
      ],
      [
        12,
        23,
        81,
        30,
        431
      ]
    ],
    "labels": [
      "AllStar",
      "Starter",
      "Rotation",
      "Bench",
      "Bust"
    ]
  }
}